{
  "Data":{
    "balance" :[
      {
      "AccountId" : "1234567",
      "Amount": {
        "Amount":"8230.00",
        "currency" : "INR"
      },
      "CreditDebitIndicator" : "credit",
      "Type" :"POS",
      "DateTime" : "2021-12-02T21):58:07+00.00",
      "Creditline" :[
        {
          "Included" : true,
          "Amount":{
          "Amount" : "2500.00",
          "Currency" : "INR"
        },
        "Type" : "pre-Arqreed"
        }
      ]
      }
    ]
},
"Links" : {
  "self" : "http://api.abcbank.com/open-book/1.2/api/account/2289/balance/"
},
"Meta" : {
  "Totalpages" : 1
}
}